authority_name,url,tags
Aberdeen,https://publicaccess.aberdeencity.gov.uk/online-applications/search.do?action=advanced,scotland
Adur and Worthing,https://planning.adur-worthing.gov.uk/online-applications/search.do?action=advanced,england
Allerdale,https://planning.allerdale.gov.uk/portal/servlets/ApplicationSearchServlet,england
Amber Valley,https://www.ambervalley.gov.uk/environment-and-planning/planning/development-management/planning-applications/view-a-planning-application.aspx,england
Arun,https://www.arun.gov.uk/weekly-lists,england
Ashfield,https://www2.ashfield.gov.uk/cfusion/Planning/plan_findfile.cfm,england
Ashford,https://planning.ashford.gov.uk/,england
Aylesbury Vale,https://publicaccess.aylesburyvaledc.gov.uk/online-applications//search.do?action=advanced&searchType=Application,england
Babergh,https://planning.baberghmidsuffolk.gov.uk/online-applications/search.do?action=advanced,england
Barking and Dagenham,https://online-befirst.lbbd.gov.uk/planning/index.html?fa=search,london outerlondon northlondon england londonboroughs
Barnet,https://publicaccess.barnet.gov.uk/online-applications/search.do?action=advanced,londonboroughs london
Bedford,https://www.bedford.gov.uk/planning-and-building-control/planning-applications/search-plans,england
Bexley,https://pa.bexley.gov.uk/online-applications/search.do?action=advanced,londonboroughs london
Birmingham,https://eplanning.birmingham.gov.uk/Northgate/PlanningExplorer/GeneralSearch.aspx,england
Blackpool,https://idoxpa.blackpool.gov.uk/online-applications/search.do?action=advanced,england
Bolton,https://www.planningpa.bolton.gov.uk/online-applications-17/search.do?action=advanced,england greatermanchester
Bracknell Forest,https://planapp.bracknell-forest.gov.uk/online-applications/search.do?action=advanced,england
Bradford,https://planning.bradford.gov.uk/online-applications/search.do?action=advanced,england westyorkshire
Brent,https://pa.brent.gov.uk/online-applications/search.do?action=advanced&searchType=Application,londonboroughs london
Brighton and Hove,https://planningapps.brighton-hove.gov.uk/online-applications/search.do?action=advanced,england
Bristol,https://planningonline.bristol.gov.uk/online-applications/search.do?action=advanced,england
Bromley,https://searchapplications.bromley.gov.uk/online-applications/search.do?action=advanced,londonboroughs london
Bury,https://planning.bury.gov.uk/online-applications/search.do?action=advanced,england greatermanchester
Calderdale,https://portal.calderdale.gov.uk/online-applications/search.do?action=advanced,england westyorkshire
Camden,https://planningrecords.camden.gov.uk/Northgate/PlanningExplorer/GeneralSearch.aspx,londonboroughs london
Cardiff,https://planning.cardiff.gov.uk/online-applications/search.do?action=advanced,wales
Cheshire West and Chester,https://pa.cheshirewestandchester.gov.uk/online-applications/search.do?action=advanced,chester cheshire england
City of London,https://www.planning2.cityoflondon.gov.uk/online-applications/search.do?action=advanced,london innerlondon northlondon england
Croydon,https://publicaccess3.croydon.gov.uk/online-applications/search.do?action=advanced,londonboroughs london
Cornwall,https://planning.cornwall.gov.uk/online-applications/search.do?action=advanced,england
County Durham,https://publicaccess.durham.gov.uk/online-applications/search.do?action=advanced,england
Darlington,https://publicaccess.darlington.gov.uk/online-applications/search.do?action=advanced,england
Doncaster,https://planning.doncaster.gov.uk/online-applications/search.do?action=advanced,england southyorkshire
Ealing,https://pam.ealing.gov.uk/online-applications/search.do?action=advanced,londonboroughs london
East Riding of Yorkshire,https://newplanningaccess.eastriding.gov.uk/newplanningaccess/search.do?action=advanced,england
Edinburgh,https://citydev-portal.edinburgh.gov.uk/idoxpa-web/search.do?action=advanced,scotland
Enfield,https://planningandbuildingcontrol.enfield.gov.uk/online-applications/search.do?action=advanced,londonboroughs london
Epsom and Ewell,https://eplanning.epsom-ewell.gov.uk/online-applications/search.do?action=advanced,surrey england
Gateshead,https://public.gateshead.gov.uk/online-applications/search.do?action=advanced,england tyneandwear
Glasgow,https://publicaccess.glasgow.gov.uk/online-applications/search.do?action=advanced,scotland
Greenwich,https://planning.royalgreenwich.gov.uk/online-applications/search.do?action=advanced,london innerlondon southlondon england londonboroughs
Hackney,http://planning.hackney.gov.uk/Northgate/PlanningExplorer/generalsearch.aspx,londonboroughs london
Halton,https://webapp.halton.gov.uk/planningapps/,england cheshire liverpoolcityregion
Hammersmith and Fulham,https://public-access.lbhf.gov.uk/online-applications/search.do?action=advanced,london innerlondon northlondon england londonboroughs
Haringey,https://publicregister.haringey.gov.uk/pr/s/register-view,london londonboroughs
Harrow,https://myaccount.harrow.gov.uk/publicaccessliveHA/online-applications/search.do?action=advanced,london londonboroughs
Havering,https://development.havering.gov.uk/OcellaWeb/planningSearch,london londonboroughs eastlondon outerlondon
Hillingdon,https://planning.hillingdon.gov.uk/OcellaWeb/planningSearch,london londonboroughs westlondon outerlondon
Hounslow,https://planning.hounslow.gov.uk/online-applications/search.do?action=advanced,london londonboroughs
Hull,https://www.hullcc.gov.uk/padcbc/publicaccess-live/search.do?action=advanced,england
Islington,https://planning.islington.gov.uk/northgate/planningexplorer/generalsearch.aspx,londonboroughs london
Kensington and Chelsea,https://www.rbkc.gov.uk/planning/searches/default.aspx?adv=1#advancedSearch,london londonboroughs
Kingston upon Thames,https://publicaccess.kingston.gov.uk/online-applications/search.do?action=advanced,london londonboroughs
Knowsley,https://planapp.knowsley.gov.uk/online-applications/search.do?action=advanced,england merseyside liverpoolcityregion
Lambeth,https://planning.lambeth.gov.uk/online-applications/search.do?action=advanced,londonboroughs london southlondon
Leeds,https://publicaccess.leeds.gov.uk/online-applications/search.do?action=advanced,england westyorkshire
Lewisham,https://planning.lewisham.gov.uk/online-applications/search.do?action=advanced,londonboroughs london southlondon
Liverpool,http://northgate.liverpool.gov.uk/PlanningExplorer17/GeneralSearch.aspx,england merseyside liverpoolcityregion
London Legacy Development Corporation,https://planning.agileapplications.co.uk/lldc,london developmentcorporations londondevelopmentcorporations
Manchester,https://pa.manchester.gov.uk/online-applications/search.do?action=advanced,england greatermanchester
Merton,https://planning.merton.gov.uk/Northgate/PlanningExplorerAA/GeneralSearch.aspx,london outerlondon southlondon england londonboroughs
Milton Keynes,https://publicaccess2.milton-keynes.gov.uk/online-applications/search.do?action=advanced,england
Newcastle upon Tyne,https://newcastle-planning.idoxcloud.com/online-applications/search.do?action=advanced,england tyneandwear
Newham,https://pa.newham.gov.uk/online-applications/search.do?action=advanced,londonboroughs london londonboroughs
North East Lincolnshire,https://planninganddevelopment.nelincs.gov.uk/online-applications/search.do?action=advanced,england
North Lincolnshire,https://apps.northlincs.gov.uk/,england
North Somerset,https://planning.n-somerset.gov.uk/online-applications/search.do?action=advanced,england
Northern Ireland,https://planningregister.planningsystemni.gov.uk/simple-search,northernireland belfast
North Tyneside,https://idoxpublicaccess.northtyneside.gov.uk/online-applications/search.do?action=advanced,england tyneandwear
Northumberland,https://publicaccess.northumberland.gov.uk/online-applications/search.do?action=advanced,england
Nottingham,https://publicaccess.nottinghamcity.gov.uk/online-applications/search.do?action=advanced,nottingham eastmidlands england
Old Oak and Park Royal Development Corporation,https://planning.agileapplications.co.uk/opdc,london developmentcorporations londondevelopmentcorporations
Oldham,https://planningpa.oldham.gov.uk/online-applications/search.do?action=advanced,england greatermanchester
Peterborough,https://planpa.peterborough.gov.uk/online-applications/search.do?action=advanced,england
Plymouth,https://planning.plymouth.gov.uk/online-applications/search.do?action=advanced,england
Poole,https://boppa.poole.gov.uk/online-applications/search.do?action=advanced,england
Portsmouth,https://publicaccess.portsmouth.gov.uk/online-applications/search.do?action=advanced,england
Redbridge,https://planning.redbridge.gov.uk/,london londonboroughs
Richmond,https://planning.richmond.gov.uk/richmond/search-applications/,london londonboroughs
Rochdale,https://publicaccess.rochdale.gov.uk/online-applications/search.do?action=advanced,england greatermanchester
Rutland,https://publicaccess.rutland.gov.uk/online-applications/search.do?action=advanced,england
Salford,https://publicaccess.salford.gov.uk/publicaccess/search.do?action=advanced,england greatermanchester
Sefton,https://pa.sefton.gov.uk/online-applications/search.do?action=advanced,england merseyside liverpoolcityregion
Sheffield,https://planningapps.sheffield.gov.uk/online-applications/search.do?action=advanced,england
Solihull,https://publicaccess.solihull.gov.uk/online-applications/search.do?action=advanced,england westmidlands
Southend-on-Sea,https://publicaccess.southend.gov.uk/online-applications/search.do?action=advanced,england
South Downs,https://planningpublicaccess.southdowns.gov.uk/online-applications/search.do?action=advanced,nationalparks england
Southampton,https://planningpublicaccess.southampton.gov.uk/online-applications/search.do?action=advanced,england
South Gloucestershire,https://developments.southglos.gov.uk/online-applications/search.do?action=advanced,england
South Tyneside,https://planning.southtyneside.info/Northgate/PlanningExplorer/GeneralSearch.aspx,england tyneandwear
Southwark,https://planning.southwark.gov.uk/online-applications/search.do?action=advanced,londonboroughs london
St. Helens,https://publicaccess.sthelens.gov.uk/online-applications/search.do?action=advanced,england merseyside liverpoolcityregion
Stockport,https://planning.stockport.gov.uk/PlanningData-live/search.do?action=advanced,england greatermanchester
Stockton-on-Tees,https://www.developmentmanagement.stockton.gov.uk/online-applications/search.do?action=advanced,england
Stoke-on-Trent,https://planning.stoke.gov.uk/online-applications/search.do?action=advanced,england
Sunderland,https://www.sunderland.gov.uk/online-applications/search.do?action=advanced,england tyneandwear
Sutton,https://planningregister.sutton.gov.uk/online-applications/search.do?action=advanced,london londonboroughs outerlondon southlondon england
Swindon,http://pa.swindon.gov.uk/publicaccess/search.do?action=advanced,england
Tameside,https://public.tameside.gov.uk/plan/f422planapp.asp,england greatermanchester
Thurrock,https://regs.thurrock.gov.uk/online-applications/search.do?action=advanced,england
Torbay,https://www.torbay.gov.uk/newpublicaccess/search.do?action=advanced,""
Tower Hamlets,https://development.towerhamlets.gov.uk/online-applications/search.do?action=advanced,londonboroughs london
Trafford,https://publicaccess.trafford.gov.uk/online-applications/search.do?action=advanced,england greatermanchester
Wakefield,https://planning.wakefield.gov.uk/online-applications/search.do?action=advanced,england
Waltham Forest,https://planning.walthamforest.gov.uk/planning/search-applications,london londonboroughs
Wandsworth,https://planning.wandsworth.gov.uk/Northgate/PlanningExplorer/GeneralSearch.aspx,london innerlondon southlondon england londonboroughs
West Berkshire,https://publicaccess.westberks.gov.uk/online-applications/search.do?action=advanced,england
Westminster,https://idoxpa.westminster.gov.uk/online-applications/search.do?action=advanced,londonboroughs london
Wigan,https://apps.wigan.gov.uk/planapps/PlanAppsAppSearch.asp,england greatermanchester
Windsor and Maidenhead,https://publicaccess.rbwm.gov.uk/online-applications/search.do?action=advanced,england
Wirral,https://planning.wirral.gov.uk/online-applications/search.do?action=advanced,wirral england merseyside liverpoolcityregion
Wolverhampton,https://planningonline.wolverhampton.gov.uk/online-applications/search.do?action=advanced,england westmidlands
York,https://planningaccess.york.gov.uk/online-applications/search.do?action=advanced,england
